<?xml version="1.0" encoding="UTF-8"?>
<ti:app xmlns:ti="http://ti.appcelerator.org">
    <deployment-targets>
        <target device="mobileweb">false</target>
        <target device="iphone">false</target>
        <target device="ipad">false</target>
        <target device="android">true</target>
        <target device="blackberry">false</target>
    </deployment-targets>
    <sdk-version>2.1.2.GA</sdk-version>
    <id>com.activate.mohh</id>
    <name>MOHH</name>
    <version>1.0.1</version>
    <publisher>activate</publisher>
    <url>http://www.activateplay.com</url>
    <description>not specified</description>
    <copyright>2012 by activate</copyright>
    <icon>appicon.png</icon>
    <persistent-wifi>false</persistent-wifi>
    <prerendered-icon>false</prerendered-icon>
    <statusbar-style>default</statusbar-style>
    <statusbar-hidden>false</statusbar-hidden>
    <fullscreen>false</fullscreen>
    <navbar-hidden>false</navbar-hidden>
    <analytics>true</analytics>
    <guid>65b97566-a444-4a96-87ff-ebcc007586e7</guid>
    <property name="ti.ui.defaultunit">system</property>
    <iphone>
        <orientations device="iphone">
            <orientation>Ti.UI.PORTRAIT</orientation>
        </orientations>
        <orientations device="ipad">
            <orientation>Ti.UI.PORTRAIT</orientation>
            <orientation>Ti.UI.UPSIDE_PORTRAIT</orientation>
            <orientation>Ti.UI.LANDSCAPE_LEFT</orientation>
            <orientation>Ti.UI.LANDSCAPE_RIGHT</orientation>
        </orientations>
    </iphone>
    <android xmlns:android="http://schemas.android.com/apk/res/android">
        <tool-api-level>8</tool-api-level>
        <manifest android:versionCode="1" android:versionName="1.0" package="com.activate.mohh">
            <supports-screens android:anyDensity="true"/>
            <uses-sdk android:minSdkVersion="8"/>
        </manifest>
        <modules>
			<module platform="android" version="0.2">com.activate.gcm</module>
    	</modules>
    </android>
	<property name="com.activate.gcm.sender_id" type="string">00000000</property> <!-- put your sender_id here -->
	<property name="com.activate.gcm.icon" type="int">2130837504</property>	<!-- get this from R.java, but converted to decimal, 0x7f020000 give you 2130837504 (type "0x7f020000 to decimal" in google) -->
	<property name="com.activate.gcm.component" type="string">gcm.gcm/gcm.gcm.GcmActivity</property> <!-- [package name]/[package name].[activity name] -->
</ti:app>
