<?xml version="1.0" encoding="UTF-8"?>
<ti:module xmlns:ti="http://ti.appcelerator.org" xmlns:android="http://schemas.android.com/apk/res/android">
	<!-- Similar to tiapp.xml, but contains module/platform specific configuration in <iphone> and <android>/<android:manifest> sections -->
	
	<android xmlns:android="http://schemas.android.com/apk/res/android">
        <manifest android:versionCode="1" android:versionName="1.0">
            <supports-screens android:anyDensity="true"/>
             <uses-sdk android:maxSdkVersion="19" android:minSdkVersion="11" android:targetSdkVersion="16"/>
            <uses-permission android:name="com.google.android.c2dm.permission.RECEIVE"/>
            <permission android:name="${tiapp.properties['id']}.permission.C2D_MESSAGE" android:protectionLevel="signature"/>
            <uses-permission android:name="${tiapp.properties['id']}.permission.C2D_MESSAGE"/>
            <uses-permission android:name="android.permission.WAKE_LOCK"/>
            <uses-permission android:name="android.permission.VIBRATE"/>
            <uses-permission android:name="android.permission.INTERNET"/>
            <uses-permission android:name="android.permission.GET_ACCOUNTS"/>
            <uses-permission android:name="android.permission.USE_CREDENTIALS"/>
            <uses-permission android:name="android.permission.ACCESS_NETWORK_STATE"/>
			<application>
				<service android:name="com.activate.gcm.GCMIntentService" />
				<receiver android:name="com.google.android.gcm.GCMBroadcastReceiver" android:permission="com.google.android.c2dm.permission.SEND">
					<!-- Start receiver on boot -->
					<intent-filter>
						<action android:name="android.intent.action.BOOT_COMPLETED"/>
						<category android:name="android.intent.category.HOME"/>
					</intent-filter>
					<!-- Receive the actual message -->
					<intent-filter>
						<action android:name="com.google.android.c2dm.intent.RECEIVE" />
						<category android:name="${tiapp.properties['id']}" />
					</intent-filter>
					<!-- Receive the registration id -->
					<intent-filter>
						<action android:name="com.google.android.c2dm.intent.REGISTRATION" />
						<category android:name="${tiapp.properties['id']}" />
					</intent-filter>
				</receiver>
	
			</application>
        </manifest>
	</android>
</ti:module>
